person_id,task_difficulty,task_id,skill_1,skill_2,skill_3,skill_4,score,predicted_score,penalty_triggered,round
A,3,1,4.52,1.9349999999999998,2.0349999999999997,1.9549999999999998,86.63893127441406,77.99709,False,0
B,2,1,1.95,1.9449999999999998,1.9549999999999998,4.435,63.552669525146484,57.360752,False,0
C,4,3,1.8849999999999998,4.555,1.93,2.1149999999999998,67.31618081665039,76.048416,True,0
D,5,4,2.005,2.025,4.555,1.84,31.944033087979196,70.98233,True,0
A,2,2,4.524749999999999,1.9539999999999997,2.0397499999999997,1.9597499999999999,65.70051574707031,62.60695,False,1
B,4,2,1.95475,1.9639999999999997,1.9597499999999999,4.439749999999999,67.30782244110107,77.882675,True,1
C,5,2,1.8897499999999998,4.574,1.93475,2.11975,51.36629867553711,47.816387,False,1
D,3,4,2.00975,2.02975,4.559749999999999,1.859,76.2615776977539,84.0758,True,1
A,1,1,4.542799999999999,1.9585124999999997,2.0442625,1.9642624999999998,87.40596008300781,83.99645,False,2
B,5,2,1.9592625,1.9820499999999996,1.9642624999999998,4.444262499999999,38.92932450214863,71.291306,True,2
C,2,4,1.8942624999999997,4.5785124999999995,1.9392625,2.1378,70.74464416503906,68.2095,False,2
D,4,4,2.0142625,2.0342625,4.564262499999999,1.8770499999999999,64.99795687408448,77.82217,True,2
A,3,1,4.559947499999999,1.9627993749999997,2.048549375,1.9685493749999998,86.23165130615234,77.99709,False,3
B,1,4,1.963549375,1.9863368749999997,1.9685493749999998,4.461409999999999,68.68517303466797,72.56792,False,3
C,2,3,1.8985493749999998,4.582799375,1.95641,2.142086875,87.28140258789062,82.758095,False,3
D,4,4,2.018549375,2.038549375,4.568549374999999,1.8941975,64.65973176750182,77.82217,True,3
A,4,4,4.564020031249999,1.9668719062499997,2.0526219062499997,1.9848394999999999,43.35274903322768,49.5384,True,4
B,1,4,1.96762190625,1.9904094062499997,1.97262190625,4.477700124999999,68.62208557128906,72.56792,False,4
C,5,3,1.9026219062499998,4.58687190625,1.972700125,2.14615940625,21.02094281949124,71.73625,True,4
D,3,4,2.02262190625,2.04262190625,4.572621906249999,1.910487625,75.99226989786528,84.0758,True,4
A,1,4,4.567888935937499,1.9707408109374998,2.0564908109374995,2.0003151187499997,63.65831756591797,64.84546,False,5
B,1,2,1.9714908109375,2.0058850249999995,1.9764908109375,4.481569029687499,87.29293060302734,78.01848,False,5
C,2,3,1.9064908109374998,4.5907408109375,1.98817574375,2.1500283109374996,87.18495178222656,82.758095,False,5
D,2,4,2.0264908109374997,2.0464908109374997,4.576490810937499,1.92596324375,86.71307373046875,88.371445,False,5
A,5,2,4.571564395390624,1.9854426487499997,2.0601662703906247,2.003990578203125,21.583803495448905,46.739853,True,6
B,4,2,1.975166270390625,2.0205868628124994,1.9801662703906249,4.485244489140624,64.49658054390243,77.882675,True,6
C,4,3,1.9101662703906248,4.594416270390624,2.0028775815625,2.1537037703906248,64.60071463091808,76.048416,True,6
D,4,4,2.030166270390625,2.050166270390625,4.580166270390624,1.9406650815625,63.36330865527984,77.82217,True,6
A,3,1,4.585531141312499,1.9889343352304685,2.0636579568710935,2.0074822646835937,85.18113708496094,77.99709,False,7
B,1,2,1.9786579568710938,2.0345536087343743,1.9836579568710937,4.488736175621092,86.93922424316406,78.01848,False,7
C,2,4,1.9136579568710936,4.597907956871093,2.006369268042969,2.1676705163124996,70.65376281738281,68.2095,False,7
D,4,4,2.0336579568710937,2.0536579568710938,4.583657956871092,1.954631827484375,62.8746528431357,77.82217,True,7
A,2,2,4.588848243468944,2.0022027438562495,2.0669750590275386,2.010799366840039,64.77825927734375,62.60695,False,8
B,4,2,1.9819750590275391,2.0478220173601556,1.986975059027539,4.492053277777537,63.03511632800798,77.882675,True,8
C,2,3,1.916975059027539,4.601225059027538,2.0196376766687503,2.1709876184689447,86.68345642089844,82.758095,False,8
D,5,4,2.036975059027539,2.056975059027539,4.586975059027537,1.9679002361101563,32.4755921792741,70.98233,True,8
A,5,1,4.601453231663436,2.0053539909048728,2.070126306076162,2.013950613888662,74.69895935058594,74.588745,False,9
B,5,2,1.9851263060761621,2.0604270055546476,1.990126306076162,4.4952045248261605,29.68335637650259,71.291306,True,9
C,5,4,1.920126306076162,4.604376306076161,2.0227889237173735,2.183592606663437,17.72280083462771,48.83362,True,9
D,4,4,2.040126306076162,2.060126306076162,4.590126306076161,1.9805052243046484,61.86401706802876,77.82217,True,9
A,5,1,4.613427970448204,2.0083476756010645,2.0731199907723536,2.016944298584854,74.12702941894531,74.588745,False,10
B,1,1,1.9971010448609297,2.0634206902508394,1.993119990772354,4.498198209522353,65.91871643066406,59.34505,False,10
C,1,1,1.9321010448609295,4.607369990772353,2.0257826084135653,2.1865862913596286,65.17947387695312,63.556725,False,10
D,4,4,2.043119990772354,2.063119990772354,4.593119990772353,1.9924799630894159,61.35432289773853,77.82217,True,10
A,1,3,4.616271970909587,2.0111916760624466,2.084495992617883,2.019788299046236,65.43574523925781,64.03259,False,11
B,1,4,1.999945045322312,2.0662646907122215,1.9959639912337364,4.509574211367882,68.21806335449219,72.56792,False,11
C,1,3,1.9349450453223118,4.610213991233736,2.0371586102590946,2.1894302918210107,86.99910736083984,83.197464,False,11
D,3,4,2.045963991233736,2.065963991233736,4.595963991233735,2.003855964934945,73.88977918084245,84.0758,True,11
A,1,3,4.6189737713479,2.0138934765007597,2.0953031943711355,2.022490099484549,65.35786437988281,64.03259,False,12
B,2,2,2.002646845760625,2.077071892465474,1.9986657916720496,4.512276011806195,83.52668762207031,79.60584,False,12
C,5,3,1.937646845760625,4.612915791672049,2.047965812012347,2.1921320922593237,27.179558444358584,71.73625,True,12
D,3,4,2.048665791672049,2.068665791672049,4.598665791672048,2.0146631666881976,81.62000274658203,84.0758,False,12
A,4,1,4.62924061301349,2.0164601869171572,2.097869904787533,2.0250568099009465,78.55589294433594,75.93441,False,13
B,1,2,2.0052135561770226,2.0873387341310643,2.001232502088447,4.514842722222593,85.36425018310547,78.01848,False,13
C,1,3,1.9402135561770226,4.6154825020884465,2.0582326536779374,2.1946988026757213,86.66990661621094,83.197464,False,13
D,4,4,2.0512325020884465,2.0712325020884466,4.601232502088446,2.024930008353788,59.85765665657153,77.82217,True,13
A,5,4,4.631678987909067,2.018898561812735,2.100308279683111,2.034810309483257,21.70111673323302,46.185944,True,14
B,1,3,2.0076519310726004,2.089777109026642,2.0109860016707577,4.51728109711817,71.90813446044922,68.679634,False,14
C,4,3,1.9426519310726003,4.617920876984024,2.067986153260248,2.197137177571299,59.62625534801374,76.048416,True,14
D,3,4,2.0536708769840244,2.0736708769840244,4.603670876984023,2.0346835079360983,80.50460052490234,84.0758,False,14
A,2,1,4.640944812512262,2.021215017963534,2.10262473583391,2.037126765634056,84.58686828613281,81.39359,False,15
B,1,3,2.0099683872233993,2.092093565177441,2.020251826273953,4.5195975532689685,71.99999237060547,68.679634,False,15
C,3,3,1.944968387223399,4.620237333134822,2.077251977863443,2.199453633722098,80.02052307128906,80.3808,False,15
D,2,1,2.0629367015872195,2.0759873331348233,4.605987333134822,2.036999964086897,55.16719055175781,55.178177,False,15
A,3,1,4.649747345885298,2.023415651306793,2.104825369177169,2.039327398977315,81.4888687133789,77.99709,False,16
B,4,2,2.0121690205666583,2.1008960985504763,2.0224524596172118,4.521798186612227,58.668764932365754,77.882675,True,16
C,1,3,1.9471690205666579,4.622437966478081,2.0860545112364783,2.201654267065357,86.0078125,83.197464,False,16
D,5,4,2.0651373349304785,2.0781879664780822,4.608187966478081,2.0458024974599325,24.83281859844712,70.98233,True,16
A,5,3,4.651837947561393,2.025506252982889,2.1131877758815523,2.041418000653411,27.79207992433368,47.28699,True,17
B,5,2,2.0142596222427542,2.10925850525486,2.0245430612933077,4.523888788288323,31.74208987169517,71.291306,True,17
C,3,3,1.9492596222427538,4.624528568154177,2.094416917940862,2.203744868741453,78.6134262084961,80.3808,False,17
D,4,4,2.0672279366065744,2.080278568154178,4.610278568154176,2.054164904164316,58.101826743002114,77.82217,True,17
A,4,1,4.6597822339305575,2.02749232457518,2.1151738474738435,2.043404072245702,75.74505615234375,75.93441,False,18
B,5,2,2.0162456938350455,2.1172027916240244,2.026529132885599,4.525874859880614,22.639057357193494,71.291306,True,18
C,1,2,1.9512456938350449,4.632472854523341,2.096402989533153,2.205730940333744,64.0743637084961,65.91968,False,18
D,2,4,2.0692140081988657,2.0822646397464695,4.612264639746467,2.0621091905334805,82.87527465820312,88.371445,False,18
A,1,1,4.667329305981264,2.0293790925878565,2.11706061548652,2.0452908402583785,85.25570678710938,83.99645,False,19
B,3,2,2.018132461847722,2.1247498636747304,2.0284159008982754,4.52776162789329,75.48698425292969,80.1487,False,19
C,4,3,1.9531324618477215,4.634359622536017,2.103950061583859,2.2076177083464206,57.075644514979615,76.048416,True,19
D,2,4,2.071100776211542,2.084151407759146,4.6141514077591435,2.0696562625841866,82.48185729980469,88.371445,False,19
A,1,1,4.674499024429434,2.0311715221998994,2.1188530450985628,2.0470832698704213,85.04075622558594,83.99645,False,20
B,3,1,2.025302180295893,2.1265422932867732,2.0302083305103182,4.529554057505333,56.9627799987793,53.529297,False,20
C,1,3,1.9549248914597641,4.63615205214806,2.11111978003203,2.2094101379584634,84.92706298828125,83.197464,False,20
D,5,4,2.072893205823585,2.0859438373711887,4.615943837371186,2.0768259810323575,27.670636651233718,70.98233,True,20
A,5,1,4.6813102569551965,2.03287433033134,2.1205558532300035,2.048786078001862,67.89730072021484,74.588745,False,21
B,4,2,2.0270049884273336,2.1333535258125353,2.031911138641759,4.531256865636774,56.761137652014966,77.882675,True,21
C,3,3,1.9566276995912046,4.637854860279501,2.117931012557792,2.211112946089904,76.17376708984375,80.3808,False,21
D,3,1,2.079704438349347,2.0876466455026295,4.617646645502627,2.0785287891637982,52.20351791381836,54.449196,False,21
A,1,2,4.682927924680065,2.0393450012308145,2.122173520954872,2.050403745726731,67.89840698242188,61.704597,False,22
B,1,2,2.0286226561522023,2.1398241967120097,2.0335288063666277,4.5328745333616425,81.98552703857422,78.01848,False,22
C,1,4,1.9582453673160731,4.63947252800437,2.119548680282661,2.2175836169893786,76.5322265625,73.56107,False,22
D,3,4,2.0813221060742157,2.089264313227498,4.619264313227496,2.0849994600632726,76.42417907714844,84.0758,False,22
A,1,1,4.689075062034566,2.0408817855694394,2.123710305293497,2.0519405300653557,84.3194580078125,83.99645,False,23
B,4,2,2.030159440490827,2.1459713340665103,2.0350655907052526,4.534411317700267,56.07409950862468,77.882675,True,23
C,1,3,1.9597821516546983,4.6410093123429945,2.1256958176371614,2.2191204013280035,84.01646423339844,83.197464,False,23
D,2,4,2.0828588904128407,2.090801097566123,4.620801097566121,2.091146597417773,80.95321655273438,88.371445,False,23
A,5,4,4.690535007156259,2.0423417306911333,2.125170250415191,2.0577803105521313,25.857880732619876,46.185944,True,24
B,2,2,2.031619385612521,2.151811114553286,2.0365255358269465,4.535871262821961,77.43339538574219,79.60584,False,24
C,1,3,1.9612420967763922,4.642469257464688,2.131535598123937,2.2205803464496974,83.6816177368164,83.197464,False,24
D,1,4,2.0843188355345346,2.092261042687817,4.622261042687814,2.096986377904549,83.7376480102539,90.206245,False,24
A,4,1,4.696082798618696,2.0437286785567426,2.1265571982808003,2.0591672584177405,72.35565948486328,75.93441,False,25
B,4,2,2.0330063334781303,2.1573589060157228,2.0379124836925557,4.53725821068757,55.44612251001879,77.882675,True,25
C,3,3,1.9626290446420014,4.643856205330297,2.137083389586374,2.2219672943153066,74.07479858398438,80.3808,False,25
D,2,2,2.085705783400144,2.097808834150254,4.623647990553423,2.098373325770158,57.26093673706055,55.193363,False,25
A,5,1,4.701353200508011,2.045046279029071,2.127874798753129,2.060484858890069,65.8153305053711,74.588745,False,26
B,3,2,2.034323933950459,2.162629307905038,2.0392300841648843,4.538575811159899,72.30422973632812,80.1487,False,26
C,2,4,1.9639466451143301,4.645173805802626,2.1384009900587024,2.2272376962046216,70.87457275390625,68.2095,False,26
D,3,4,2.0870233838724723,2.0991264346225824,4.624965591025752,2.103643727659473,74.4821548461914,84.0758,False,26
A,4,1,4.706360082302861,2.0462979994777832,2.129126519201841,2.061736579338781,71.51498413085938,75.93441,False,27
B,1,3,2.035575654399171,2.16388102835375,2.0442369659597333,4.539827531608611,72.5132827758789,68.679634,False,27
C,5,3,1.9651983655630425,4.646425526251338,2.1434078718535514,2.2284894166533338,15.203209698801754,71.73625,True,27
D,4,3,2.0882751043211845,2.1003781550712946,4.629972472820602,2.104895448108185,52.884063720703125,55.005444,False,27
A,3,4,4.707549216729137,2.0474871339040597,2.1303156536281174,2.066493117043888,55.10739517211914,50.901417,False,28
B,3,2,2.0367647888254474,2.1686375660588566,2.0454261003860097,4.541016666034888,71.50868225097656,80.1487,False,28
C,3,3,1.9663874999893192,4.647614660677615,2.148164409558658,2.22967855107961,72.7081298828125,80.3808,False,28
D,3,4,2.089464238747461,2.101567289497571,4.631161607246878,2.109651985813292,73.5635986328125,84.0758,False,28
A,1,1,4.712067927548988,2.0486168116090226,2.1314453313330803,2.067622794748851,82.72613525390625,83.99645,False,29
B,2,4,2.0378944665304104,2.1697672437638196,2.0465557780909727,4.545535376854739,61.774715423583984,68.49736,False,29
C,1,4,1.967517177694282,4.648744338382578,2.149294087263621,2.2341972618994617,76.76177215576172,73.56107,False,29
D,4,4,2.090593916452424,2.102696967202534,4.632291284951841,2.1141706966331433,53.73848464554888,77.82217,True,29
A,1,1,4.7163607028278465,2.0496900054287375,2.132518525152795,2.0686959885685656,82.451171875,83.99645,False,30
B,2,2,2.038967660350125,2.1740600190426784,2.0476289719106875,4.5466085706744535,75.05708312988281,79.60584,False,30
C,4,3,1.9685903715139965,4.6498175322022925,2.15358686254248,2.2352704557191765,53.33802883977948,76.048416,True,30
D,4,3,2.0916671102721387,2.103770161022249,4.6365840602307,2.115243890452858,52.7375602722168,55.005444,False,30
A,2,1,4.720438839342762,2.0507095395574666,2.1335380592815243,2.0697155226972948,79.10356140136719,81.39359,False,31
B,2,4,2.0399871944788543,2.1750795531714076,2.0486485060394166,4.550686707189369,61.6816291809082,68.49736,False,31
C,1,4,1.9696099056427254,4.650837066331022,2.154606396671209,2.239348592234092,76.79811096191406,73.56107,False,31
D,4,4,2.092686644400868,2.104789695150978,4.637603594359429,2.1193220269677737,53.13013125504107,77.82217,True,31
A,5,1,4.724313069031932,2.0516780969797592,2.134506616703817,2.0706840801195874,63.7869987487793,74.588745,False,32
B,4,1,2.0438614241680244,2.1760481105937,2.0496170634617092,4.551655264611662,43.07853195824954,50.056854,True,32
C,1,3,1.9705784630650178,4.651805623753314,2.158480626360379,2.2403171496563847,81.02987670898438,83.197464,False,32
D,3,4,2.0936552018231604,2.1057582525732705,4.638572151781721,2.123196256656944,71.87228393554688,84.0758,False,32
A,3,1,4.727993587236643,2.0525982265309373,2.135426746254995,2.0716042096707654,74.24368286132812,77.99709,False,33
B,1,4,2.0447815537192024,2.176968240144878,2.0505371930128873,4.555335782816373,67.43628692626953,72.56792,False,33
C,3,3,1.9714985926161956,4.652725753304492,2.162161144565091,2.2412372792075628,70.7350845336914,80.3808,False,33
D,4,4,2.0945753313743385,2.1066783821244486,4.639492281332899,2.1268767748616555,52.57993990455748,77.82217,True,33
A,3,2,4.728867710310262,2.0560947188254133,2.136300869328614,2.0724783327443843,57.096961975097656,56.032825,False,34
B,4,2,2.0456556767928213,2.1804647324393542,2.051411316086506,4.556209905889992,53.16185979867153,77.882675,True,34
C,1,3,1.9723727156898145,4.653599876378111,2.165657636859567,2.2421114022811817,80.33934020996094,83.197464,False,34
D,4,4,2.0954494544479574,2.1075525051980675,4.640366404406518,2.1303732671561315,52.31571518463513,77.82217,True,34
A,2,1,4.732189377990014,2.0569251357453515,2.137131286248552,2.0733087496643225,77.71528625488281,81.39359,False,35
B,1,4,2.0464860937127596,2.1812951493592925,2.0522417330064444,4.559531573569744,67.37720489501953,72.56792,False,35
C,1,3,1.9732031326097526,4.6544302932980495,2.168979304539319,2.24294181920112,79.99783325195312,83.197464,False,35
D,2,4,2.0962798713678956,2.1083829221180057,4.6411968213264565,2.1336949348358836,76.24822998046875,88.371445,False,35
A,4,1,4.735344962285779,2.057714031819293,2.1379201823224934,2.074097645738264,68.17273712158203,75.93441,False,36
B,3,2,2.047274989786701,2.184450733655057,2.0530306290803857,4.560320469643686,69.03785705566406,80.1487,False,36
C,4,1,1.976358716905517,4.655219189371991,2.16976820061326,2.243730715275061,42.33831268313168,52.81881,True,36
D,5,4,2.097068767441837,2.109171818191947,4.641985717400398,2.1368505191316483,18.088514721535258,70.98233,True,36
A,1,1,4.738342767366755,2.058463483089537,2.1386696335927375,2.074847097008508,80.45211791992188,83.99645,False,37
B,3,4,2.048024441056945,2.1852001849253013,2.05378008035063,4.563318274724662,54.691078186035156,58.81453,False,37
C,3,3,1.9771081681757612,4.655968640642235,2.1727660056942364,2.2444801665453054,69.3570785522461,80.3808,False,37
D,4,4,2.097818218712081,2.109921269462191,4.642735168670642,2.1398483242126245,51.56259387027505,77.82217,True,37
A,1,1,4.7411906821936824,2.059175461796269,2.1393816122994695,2.07555907571524,80.16661071777344,83.99645,False,38
B,5,2,2.048736419763677,2.188048099752229,2.054492059057362,4.564030253431394,16.729689614452766,71.291306,True,38
C,2,3,1.977820146882493,4.6566806193489665,2.175613920521164,2.2451921452520374,74.52166748046875,82.758095,False,38
D,3,3,2.098530197418813,2.110633248168923,4.645583083497569,2.1405603029193565,55.1549186706543,55.479668,False,38
A,3,1,4.743896201279264,2.059851841567664,2.1400579920708647,2.076235455486635,72.14112091064453,77.99709,False,39
B,1,4,2.049412799535072,2.188724479523624,2.055168438828757,4.566735772516975,67.26351928710938,72.56792,False,39
C,4,1,1.9805256659680741,4.657356999120362,2.176290300292559,2.2458685250234325,42.208202508036784,52.81881,True,39
D,3,4,2.099206577190208,2.1113096279403183,4.646259463268964,2.1432658220049374,69.30091094970703,84.0758,False,39
A,1,4,4.744538762062089,2.0604944023504896,2.14070055285369,2.0788056986179373,60.1368293762207,64.84546,False,40
B,5,2,2.0500553603178977,2.191294722654926,2.0558109996115825,4.567378333299801,26.632440403859373,71.291306,True,40
C,1,4,1.9811682267508997,4.657999559903187,2.1769328610753846,2.2484387681547346,76.77738189697266,73.56107,False,40
D,4,4,2.0998491379730337,2.111952188723144,4.64690202405179,2.1458360651362396,50.8478211957305,77.82217,True,40
A,5,1,4.746980493036826,2.061104835094174,2.1413109855973746,2.0794161313616217,61.3170051574707,74.588745,False,41
B,5,1,2.0524970912926346,2.1919051553986106,2.056421432355267,4.567988766043485,18.38546447963264,48.130665,True,41
C,3,3,1.9817786594945839,4.658609992646872,2.1793745920501215,2.249049200898419,68.1495361328125,80.3808,False,41
D,1,4,2.100459570716718,2.1125626214668283,4.647512456795474,2.1482777961109765,78.56036376953125,90.206245,False,41
A,1,1,4.749300137462827,2.061684746200674,2.141890896703875,2.079996042468122,79.02132415771484,83.99645,False,42
B,1,4,2.0530770023991347,2.1924850665051108,2.057001343461767,4.570308410469486,67.16865539550781,72.56792,False,42
C,5,4,1.982358570601084,4.659189903753371,2.1799545031566216,2.251368845324419,17.84464477590262,48.83362,True,42
D,3,4,2.1010394818232183,2.1131425325733284,4.648092367901974,2.1505974405369765,68.32550048828125,84.0758,False,42
A,2,3,4.749851053014002,2.062235661751849,2.144094558908575,2.080546958019297,58.22203063964844,62.27324,False,43
B,2,3,2.0536279179503096,2.1930359820562857,2.0592050056664672,4.570859326020661,67.36408996582031,67.029045,False,43
C,3,3,1.982909486152259,4.659740819304546,2.182158165361322,2.251919760875594,67.5785903930664,80.3808,False,43
D,2,4,2.1015903973743932,2.1136934481245033,4.648643283453149,2.1528011027416767,73.50958251953125,88.371445,False,43
A,3,1,4.751944532108467,2.0627590315254656,2.1446179286821914,2.0810703277929132,70.56198120117188,77.99709,False,44
B,2,2,2.054151287723926,2.1951294611507506,2.0597283754400837,4.571382695794277,71.04048919677734,79.60584,False,44
C,1,2,1.9834328559258751,4.661834298399011,2.1826815351349382,2.2524431306492105,60.69187927246094,65.91968,False,44
D,1,4,2.1021137671480097,2.1142168178981198,4.649166653226765,2.1548945818361416,77.66244506835938,90.206245,False,44
A,5,1,4.753933337248208,2.063256232810401,2.145115129967127,2.081567529077849,60.37993621826172,74.588745,False,45
B,5,2,2.0546484890088617,2.1971182662904924,2.0602255767250193,4.571879897079213,15.608821255630685,71.291306,True,45
C,2,3,1.9839300572108105,4.662331499683947,2.18467034027468,2.252940331934146,72.35365295410156,82.758095,False,45
D,2,2,2.1026109684329453,2.1162056230378616,4.649663854511701,2.155391783121077,55.74015426635742,55.193363,False,45
A,5,4,4.754405678468896,2.06372857403109,2.145587471187816,2.0834568939606037,18.352510987228044,46.185944,True,46
B,1,4,2.0551208302295505,2.1975906075111813,2.060697917945708,4.573769261961967,67.070068359375,72.56792,False,46
C,1,3,1.9844023984314991,4.662803840904635,2.186559705157435,2.253412673154835,76.64402770996094,83.197464,False,46
D,2,4,2.103083309653634,2.1166779642585505,4.650136195732389,2.157281148003832,72.57997131347656,88.371445,False,46
A,2,2,4.754854402628551,2.065523470669707,2.1460361953474703,2.083905618120258,61.518959045410156,62.60695,False,47
B,4,2,2.055569554389205,2.1993855041497983,2.0611466421053626,4.574217986121622,50.5641557083889,77.882675,True,47
C,4,3,1.9848511225911534,4.6632525650642895,2.188354601796052,2.2538613973144894,49.71795731302349,76.048416,True,47
D,3,4,2.1035320338132886,2.117126688418205,4.650584919892044,2.159076044642449,66.839599609375,84.0758,False,47
A,2,1,4.756559554435237,2.0659497586213784,2.1464624832991417,2.0843319060719296,73.65119934082031,81.39359,False,48
B,2,2,2.0559958423408764,2.2010906559564845,2.061572930057034,4.574644274073293,70.0540771484375,79.60584,False,48
C,5,3,1.9852774105428248,4.663678853015961,2.190059753602738,2.254287685266161,17.93016771275744,71.73625,True,48
D,1,2,2.10395832176496,2.118831840224891,4.651011207843715,2.1595023325941205,58.25606918334961,62.41778,False,48
A,5,1,4.758179448651588,2.0663547321754665,2.1468674568532298,2.0847368796260177,59.52389144897461,74.588745,False,49
B,3,2,2.0564008158949645,2.2027105501728363,2.061977903611122,4.575049247627381,65.75133514404297,80.1487,False,49
C,2,4,1.9856823840969127,4.664083826570049,2.1904647271568263,2.2559075794825127,70.64024353027344,68.2095,False,49
D,5,4,2.104363295319048,2.119236813778979,4.651416181397803,2.1611222268104724,27.49588600925246,70.98233,True,49
A,5,4,4.758564173527971,2.0667394570518502,2.1472521817296135,2.086275779131552,18.31573661526905,46.185944,True,50
B,3,2,2.0567855407713482,2.2042494496783704,2.062362628487506,4.575433972503764,65.52421569824219,80.1487,False,50
C,4,3,1.9860671089732962,4.664468551446432,2.1920036266623604,2.2562923043588965,49.20697633113962,76.048416,True,50
D,4,4,2.104748020195432,2.119621538655363,4.651800906274186,2.1626611263160065,48.814499964039406,77.82217,True,50
A,3,1,4.760026128058229,2.067104945684415,2.147617670362178,2.0866412677641164,68.62974548339844,77.99709,False,51
B,4,2,2.057151029403913,2.205711404208628,2.0627281171200704,4.575799461136328,49.874975785345,77.882675,True,51
C,3,2,1.9864325976058606,4.665930505976689,2.192369115294925,2.256657792991461,54.80544662475586,54.970848,False,51
D,2,4,2.1051135088279964,2.1199870272879275,4.65216639490675,2.164123080846264,71.13047790527344,88.371445,False,51
A,1,1,4.761414984861974,2.067452159885351,2.1479648845631143,2.0869884819650526,76.26779174804688,83.99645,False,52
B,2,1,2.0585398862076576,2.206058618409564,2.0630753313210066,4.576146675337264,58.20108413696289,57.360752,False,52
C,2,3,1.9867798118067967,4.666277720177625,2.1937579720986697,2.2570050071923973,70.4087142944336,82.758095,False,52
D,5,4,2.1054607230289326,2.1203342414888637,4.652513609107686,2.1655119376500087,12.802984774425305,70.98233,True,52
A,1,1,4.762734398825531,2.0677820133762403,2.1482947380540036,2.087318335455942,76.01069641113281,83.99645,False,53
B,1,2,2.058869739698547,2.2073780323731214,2.063405184811896,4.576476528828153,72.71821594238281,78.01848,False,53
C,5,4,1.987109665297686,4.666607573668514,2.194087825589559,2.2583244211559546,15.741524788539897,48.83362,True,53
D,5,4,2.105790576519822,2.120664094979753,4.652843462598575,2.166831351613566,22.78873261781605,70.98233,True,53
A,3,4,4.763047759641876,2.0680953741925854,2.1486080988703486,2.0885717787213216,52.93114471435547,50.901417,False,54
B,5,2,2.059183100514892,2.208631475638501,2.063718545628241,4.576789889644498,31.0127047615153,71.291306,True,54
C,3,3,1.9874230261140309,4.6669209344848595,2.1953412688549387,2.2586377819722996,64.81587219238281,80.3808,False,54
D,2,4,2.106103937336167,2.120977455796098,4.65315682341492,2.1680847948789457,70.31602478027344,88.371445,False,54
A,1,1,4.764238530743986,2.068393066968113,2.1489057916458765,2.0888694714968494,75.50018310546875,83.99645,False,55
B,4,2,2.0594807932904198,2.2098222467406115,2.064016238403769,4.577087582420026,49.23274088581865,77.882675,True,55
C,1,1,1.9886137972161415,4.667218627260387,2.1956389616304666,2.2589354747478274,59.14971160888672,63.556725,False,55
D,4,1,2.1072947084382774,2.121275148571626,4.653454516190448,2.1683824876544735,39.858481541689834,54.142685,True,55
A,4,1,4.765369763290991,2.0686758751048644,2.1491885997826277,2.0891522796336006,62.968570709228516,75.93441,False,56
B,5,2,2.059763601427171,2.2109534792876167,2.06429904654052,4.577370390556777,20.430116589026103,71.291306,True,56
C,4,3,1.9888966053528927,4.6675014353971385,2.1967701941774718,2.2592182828845786,48.269985575384204,76.048416,True,56
D,2,4,2.1075775165750286,2.121557956708377,4.653737324327199,2.1695137202014787,69.80484771728516,88.371445,False,56
A,2,4,4.765638431020904,2.068944542834778,2.1494572675125414,2.0902269505532556,55.675933837890625,51.42427,False,57
B,5,2,2.0600322691570847,2.2120281502072716,2.0645677142704337,4.577639058286691,14.956482730756644,71.291306,True,57
C,2,3,1.9891652730828064,4.667770103127052,2.1978448650971267,2.2594869506144923,69.18302917480469,82.758095,False,57
D,2,4,2.1078461843049423,2.121826624438291,4.654005992057113,2.1705883911211337,69.55036926269531,88.371445,False,57
A,4,1,4.766659368394577,2.0691997771781963,2.1497125018559595,2.0904821848966737,62.560909271240234,75.93441,False,58
B,3,2,2.060287503500503,2.2130490875809437,2.064822948613852,4.577894292630108,63.85337829589844,80.1487,False,58
C,1,2,1.9894205074262246,4.668791040500724,2.198100099440545,2.2597421849579105,59.55671310424805,65.91968,False,58
D,5,4,2.1081014186483604,2.122081858781709,4.65426122640053,2.1716093284948057,23.41717305839728,70.98233,True,58
A,1,2,4.766901841020824,2.0701696676831847,2.1499549744822066,2.090724657522921,65.9113998413086,61.704597,False,59
B,3,2,2.06052997612675,2.214018978085932,2.065065421240099,4.578136765256356,63.657344818115234,80.1487,False,59
C,3,4,1.9896629800524717,4.669033513126972,2.198342572066792,2.260712075462899,61.97006607055664,61.187744,False,59
D,4,4,2.1083438912746075,2.122324331407956,4.654503699026778,2.172579218999794,47.31588547895939,77.82217,True,59
A,5,1,4.767823237000563,2.0704000166781196,2.1501853234771415,2.0909550065178557,57.512062072753906,74.588745,False,60
B,4,1,2.061451372106489,2.214249327080867,2.065295770235034,4.57836711425129,42.371789007852044,50.056854,True,60
C,3,3,1.9898933290474063,4.669263862121906,2.199263968046531,2.2609424244578338,63.55227279663086,80.3808,False,60
D,1,4,2.1085742402695424,2.122554680402891,4.654734048021712,2.1735006149795333,73.32774353027344,90.206245,False,60
A,5,1,4.7686985631813155,2.0706188482233077,2.1504041550223296,2.091173838063044,57.34955596923828,74.588745,False,61
B,1,3,2.061670203651677,2.214468158626055,2.066171096415786,4.578585945796478,72.66565704345703,68.679634,False,61
C,4,3,1.9901121605925944,4.669482693667094,2.200139294227283,2.261161256003022,47.55790168773271,76.048416,True,61
D,2,1,2.1094495664502944,2.122773511948079,4.6549528795669,2.1737194465247214,52.872772216796875,55.178177,False,61
A,3,1,4.76953012305303,2.0708267381912364,2.1506120449902584,2.0913817280309726,66.09774780273438,77.99709,False,62
B,3,2,2.061878093619606,2.2152997184977696,2.0663789863837145,4.578793835764406,63.0944709777832,80.1487,False,62
C,1,3,1.990320050560523,4.669690583635022,2.2009708540989976,2.2613691459709506,72.4826889038086,83.197464,False,62
D,2,4,2.109657456418223,2.122981401916008,4.655160769534828,2.174551006396436,68.34305572509766,88.371445,False,62
A,2,2,4.769727618522562,2.071616720069365,2.1508095404597904,2.0915792235005046,61.00471878051758,62.60695,False,63
B,5,2,2.062075589089138,2.2160897003758984,2.0665764818532466,4.578991331233938,22.13787544257167,71.291306,True,63
C,1,3,1.9905175460300553,4.669888079104554,2.2017608359771264,2.2615666414404827,72.2497329711914,83.197464,False,63
D,2,2,2.109854951887755,2.1237713837941365,4.65535826500436,2.174748501865968,54.8560676574707,55.193363,False,63
A,5,2,4.7699152392186175,2.0723672028535876,2.150997161155846,2.09176684419656,18.094565238718484,46.739853,True,64
B,5,2,2.0622632097851934,2.2168401831601208,2.066764102549302,4.579178951929994,18.593967347435626,71.291306,True,64
C,5,3,1.9907051667261109,4.67007569980061,2.2025113187613488,2.261754262136538,20.939237561113966,71.73625,True,64
D,4,3,2.1100425725838106,2.123959004490192,4.656108747788583,2.1749361225620234,51.52741622924805,55.005444,False,64
A,3,1,4.770628197863629,2.07254544251484,2.1511754008170985,2.0919450838578126,65.48516082763672,77.99709,False,65
B,3,4,2.062441449446446,2.2170184228213734,2.0669423422105546,4.5798919105750056,54.42525863647461,58.81453,False,65
C,1,1,1.991418125371122,4.670253939461863,2.2026895584226014,2.2619325017977907,58.42970657348633,63.556725,False,65
D,4,4,2.110220812245063,2.1241372441514446,4.656286987449835,2.175649081207035,46.44066563037327,77.82217,True,65
A,5,3,4.770797525541819,2.07271477019303,2.151852711529859,2.0921144115360026,20.656057658861844,47.28699,True,66
B,1,2,2.062610777124636,2.217695733534134,2.0671116698887446,4.5800612382531956,70.00702667236328,78.01848,False,66
C,5,3,1.9915874530493123,4.670423267140053,2.203366869135362,2.2621018294759807,16.13852187712306,71.73625,True,66
D,1,4,2.110390139923253,2.1243065718296346,4.656456315128025,2.1763263919197953,71.90484619140625,90.206245,False,66
A,4,1,4.771440970718942,2.0728756314873107,2.1520135728241394,2.092275272830283,60.89711380004883,75.93441,False,67
B,5,2,2.0627716384189165,2.2183391787112563,2.067272531183025,4.580222099547476,25.282110147251206,71.291306,True,67
C,1,2,1.991748314343593,4.671066712317176,2.2035277304296423,2.262262690770261,58.961265563964844,65.91968,False,67
D,1,4,2.1105510012175337,2.124467433123915,4.656617176422306,2.1769698370969177,71.67657470703125,90.206245,False,67
A,4,1,4.772052243637209,2.0730284497168774,2.152166391053706,2.09242809105985,60.72892761230469,75.93441,False,68
B,3,1,2.063382911337183,2.218491996940823,2.067425349412592,4.580374917777043,54.883941650390625,53.529297,False,68
C,3,3,1.9919011325731597,4.671219530546742,2.2041390033479087,2.262415508999828,62.039058685302734,80.3808,False,68
D,5,4,2.1107038194471004,2.1246202513534818,4.656769994651873,2.177581110015184,18.616892796875128,70.98233,True,68
A,3,1,4.772632952909562,2.073173627034966,2.1523115683717946,2.0925732683779383,64.7188720703125,77.99709,False,69
B,4,2,2.0635280886552714,2.219072706213176,2.0675705267306803,4.580520095095131,47.25591828353751,77.882675,True,69
C,2,3,1.992046309891248,4.67136470786483,2.204719712620262,2.2625606863179164,66.60160064697266,82.758095,False,69
D,5,3,2.110848996765189,2.1247654286715703,4.657350703924226,2.1777262873332726,48.98643112182617,48.66996,False,69
A,4,1,4.773184626718297,2.0733115454871496,2.1524494868239783,2.092711186830122,60.400516510009766,75.93441,False,70
B,1,4,2.063666007107455,2.21921062466536,2.067708445182864,4.5810717689038665,66.31146240234375,72.56792,False,70
C,1,1,1.9925979836999834,4.6715026263170145,2.2048576310724455,2.2626986047701,58.10996627807617,63.556725,False,70
D,3,4,2.1109869152173726,2.124903347123754,4.65748862237641,2.1782779611420082,61.58186721801758,84.0758,False,70
A,2,1,4.773708716836596,2.0734425680167243,2.152580509353553,2.092842209359697,68.23546600341797,81.39359,False,71
B,2,2,2.06379702963703,2.2197347147836584,2.0678394677124388,4.581202791433441,65.44586181640625,79.60584,False,71
C,5,3,1.9927290062295582,4.671633648846589,2.205381721190744,2.262829627299675,17.221126186772338,71.73625,True,71
D,3,1,2.111511005335671,2.1250343696533287,4.657619644905984,2.178408983671583,50.74275588989258,54.449196,False,71
A,2,1,4.77420660244898,2.0735670394198205,2.152704980756649,2.092966680762793,68.04191589355469,81.39359,False,72
B,4,2,2.063921501040126,2.220232600396042,2.067963939115535,4.5813272628365365,46.88213791831249,77.882675,True,72
C,3,3,1.992853477632654,4.6717581202496845,2.2058796068031277,2.262954098702771,61.352108001708984,80.3808,False,72
D,5,3,2.1116354767387673,2.125158841056425,4.658117530518368,2.178533455074679,48.91206741333008,48.66996,False,72
A,5,1,4.7746795937807445,2.073685287252762,2.1528232285895905,2.0930849285957343,55.58832931518555,74.588745,False,73
B,4,2,2.0640397488730673,2.2207055917278065,2.0680821869484762,4.581445510669478,46.76148790852802,77.882675,True,73
C,5,2,1.9929717254655952,4.672231111581449,2.205997854636069,2.2630723465357123,49.46916961669922,47.816387,False,73
D,2,4,2.1117537245717086,2.125277088889366,4.658235778351309,2.1790064464064436,65.97592163085938,88.371445,False,73
A,5,1,4.775128935545921,2.0737976226940558,2.1529355640308845,2.093197264037028,55.45663833618164,74.588745,False,74
B,5,2,2.0641520843143613,2.2211549334929828,2.06819452238977,4.581557846110772,23.042767388771615,71.291306,True,74
C,2,3,1.9930840609068894,4.672343447022743,2.2064471964012453,2.2631846819770063,65.6572265625,82.758095,False,74
D,2,1,2.112203066336885,2.12538942433066,4.658348113792603,2.1791187818477376,52.496517181396484,55.178177,False,74
A,1,1,4.775555810222839,2.073904341363285,2.1530422827001137,2.0933039827062574,71.04590606689453,83.99645,False,75
B,4,2,2.0642588029835904,2.2215818081699004,2.0683012410589994,4.581664564780001,46.525290938977726,77.882675,True,75
C,1,1,1.993510935583807,4.672450165691973,2.2065539150704745,2.2632914006462355,57.81128692626953,63.556725,False,75
D,4,1,2.1126299410138025,2.1254961429998893,4.658454832461833,2.1792255005169667,39.63407705269104,54.142685,True,75
A,4,1,4.77596134116591,2.074005724099053,2.1531436654358815,2.0934053654420253,59.4740104675293,75.93441,False,76
B,3,2,2.0643601857193583,2.221987339112972,2.0684026237947672,4.58176594751577,60.7337760925293,80.1487,False,76
C,3,3,1.9936123183195749,4.672551548427741,2.206959446013546,2.2633927833820033,60.70584487915039,80.3808,False,76
D,4,4,2.1127313237495704,2.125597525735657,4.658556215197601,2.1796310314600382,45.06132220723652,77.82217,True,76
A,5,1,4.7763465955618285,2.074102037698032,2.153239979034861,2.0935016790410046,55.073265075683594,74.588745,False,77
B,4,2,2.0644564993183376,2.22237259350889,2.0684989373937466,4.5818622611147495,46.295728507880504,77.882675,True,77
C,3,3,1.9937086319185544,4.672647862026721,2.207344700409464,2.2634890969809827,60.54886245727539,80.3808,False,77
D,2,2,2.1128276373485497,2.1259827801315754,4.658652528796581,2.1797273450590176,54.3089714050293,55.193363,False,77
A,5,4,4.776438093480859,2.074193535617063,2.1533314769538916,2.0938676707171267,11.613321179649585,46.185944,True,78
B,2,2,2.0645479972373684,2.222738585185012,2.0685904353127773,4.58195375903378,64.29047393798828,79.60584,False,78
C,1,3,1.993800129837585,4.672739359945751,2.2077106920855862,2.2635805949000134,69.13481903076172,83.197464,False,78
D,4,4,2.1129191352675805,2.126074278050606,4.6587440267156115,2.1800933367351396,44.83655025495567,77.82217,True,78
A,5,3,4.776525016503938,2.0742804586401418,2.1536791690462076,2.0939545937402055,21.1742778887628,47.28699,True,79
B,1,3,2.0646349202604473,2.222825508208091,2.0689381274050933,4.582040682056859,70.94918823242188,68.679634,False,79
C,4,3,1.993887052860664,4.67282628296883,2.2080583841779022,2.2636675179230923,45.425131226237696,76.048416,True,79
D,1,4,2.1130060582906594,2.126161201073685,4.65883094973869,2.1804410288274556,69.15277862548828,90.206245,False,79
A,2,2,4.776607593375863,2.074610766127842,2.153761745918133,2.094037170612131,60.443599700927734,62.60695,False,80
B,5,2,2.0647174971323725,2.223155815695791,2.0690207042770186,4.582123258928784,18.39463225137792,71.291306,True,80
C,5,4,1.993969629732589,4.6729088598407555,2.2081409610498275,2.2639978254107924,18.344246011645055,48.83362,True,80
D,5,4,2.1130886351625846,2.1262437779456103,4.658913526610616,2.1807713363151557,19.52174174570706,70.98233,True,80
A,4,1,4.776921385489179,2.074689214156171,2.1538401939464618,2.0941156186404597,58.759254455566406,75.93441,False,81
B,1,2,2.0647959451607014,2.2234696078091063,2.0690991523053475,4.582201706957113,67.38158416748047,78.01848,False,81
C,3,3,1.994048077760918,4.672987307869084,2.2084547531631427,2.2640762734391213,59.94398498535156,80.3808,False,81
D,1,4,2.1131670831909135,2.126322225973939,4.658991974638944,2.181085128428471,68.764892578125,90.206245,False,81
A,1,1,4.777219487996828,2.074763739783083,2.153914719573374,2.094190144267372,69.73399353027344,83.99645,False,82
B,3,1,2.065094047668351,2.2235441334360186,2.06917367793226,4.582276232584025,54.286991119384766,53.529297,False,82
C,4,3,1.9941226033878303,4.673061833495996,2.208752855670792,2.2641507990660337,45.121942536963225,76.048416,True,82
D,1,4,2.113241608817826,2.1263967516008515,4.6590665002658564,2.1813832309361203,68.57435607910156,90.206245,False,82
A,2,1,4.777502685379096,2.07483453912865,2.1539855189189407,2.0942609436129387,66.0779800415039,81.39359,False,83
B,4,2,2.0651648470139174,2.2238273308182857,2.0692444772778265,4.582347031929592,45.642476871653905,77.882675,True,83
C,4,4,1.9941934027333972,4.673132632841563,2.2088236550163587,2.2644339964483007,42.608559782004086,53.658653,True,83
D,4,4,2.1133124081633925,2.126467550946418,4.659137299611423,2.1816664283183873,44.3091199529524,77.82217,True,83
A,1,1,4.77777172289225,2.074901798506938,2.154052778297229,2.094328202991227,69.38054656982422,83.99645,False,84
B,2,2,2.0652321063922057,2.2240963683314394,2.0693117366561147,4.58241429130788,63.37385559082031,79.60584,False,84
C,2,4,1.9942606621116856,4.673199892219851,2.208890914394647,2.2647030339614544,66.02996063232422,68.2095,False,84
D,4,4,2.1133796675416807,2.1265348103247064,4.659204558989711,2.181935465831541,44.2086013503598,77.82217,True,84
A,4,1,4.7780273085297456,2.074965694916312,2.154116674706603,2.094392099400601,58.2252197265625,75.93441,False,85
B,1,2,2.06529600280158,2.2243519539689354,2.069375633065489,4.582478187717254,66.75230407714844,78.01848,False,85
C,1,1,1.9945162477491816,4.673263788629225,2.208954810804021,2.2647669303708287,57.26503372192383,63.556725,False,85
D,3,4,2.113443563951055,2.1265987067340806,4.6592684553990855,2.182191051469037,59.08494186401367,84.0758,False,85
A,3,1,4.778270114885367,2.0750263965052174,2.1541773762955083,2.0944528009895063,61.943233489990234,77.99709,False,86
B,2,1,2.065538809157201,2.2244126555578405,2.069436334654394,4.58253888930616,56.60409164428711,57.360752,False,86
C,4,1,1.9947590541048028,4.673324490218131,2.2090155123929263,2.264827631959734,40.62423690369925,52.81881,True,86
D,5,4,2.11350426553996,2.1266594083229857,4.659329156987991,2.182433857824658,27.35432178029384,70.98233,True,86
A,2,1,4.778500780923207,2.0750840630146774,2.1542350428049684,2.0945104674989663,65.433837890625,81.39359,False,87
B,2,2,2.065596475666661,2.2246433215956807,2.069494001163854,4.58259655581562,62.938453674316406,79.60584,False,87
C,5,3,1.9948167206142629,4.673382156727591,2.2092461784307664,2.264885298469194,11.181784171840288,71.73625,True,87
D,1,1,2.1137349315778002,2.1267170748324458,4.659386823497451,2.182491524334118,53.93825149536133,58.305485,False,87
A,1,2,4.778555564107195,2.0753031957506254,2.1542898259889554,2.0945652506829533,64.88529968261719,61.704597,False,88
B,1,2,2.065651258850648,2.2248624543316287,2.069548784347841,4.582651338999607,66.29718780517578,78.01848,False,88
C,5,3,1.9948715037982498,4.6734369399115785,2.2094653111667144,2.264940081653181,19.108949577700603,71.73625,True,88
D,1,2,2.1137897147617872,2.1269362075683937,4.659441606681439,2.182546307518105,56.11782455444336,62.41778,False,88
A,5,1,4.778763740206346,2.075355239775413,2.154341870013743,2.094617294707741,53.69430160522461,74.588745,False,89
B,1,3,2.0657033028754355,2.224914498356416,2.0697569604469916,4.582703383024395,69.61981964111328,68.679634,False,89
C,5,3,1.9949235478230376,4.673488983936366,2.209673487265865,2.2649921256779684,25.7160608552621,71.73625,True,89
D,4,1,2.113997890860938,2.1269882515931813,4.659493650706226,2.1825983515428926,39.47281750426133,54.142685,True,89
A,5,1,4.778961507500539,2.075404681598961,2.154391311837291,2.094666736531289,53.58975601196289,74.588745,False,90
B,2,2,2.0657527446989836,2.2251122656506093,2.06980640227054,4.582752824847943,62.51564407348633,79.60584,False,90
C,5,1,1.9951213151172307,4.673538425759914,2.209722929089413,2.2650415675015165,12.854480127708504,53.14704,True,90
D,3,2,2.114047332684486,2.1271860188873744,4.659543092529774,2.1826477933664408,51.69599533081055,56.54077,False,90
A,1,1,4.7791493864300225,2.075451651331332,2.154438281569662,2.09471370626366,68.20657348632812,83.99645,False,91
B,1,2,2.0657997144313547,2.2253001445800926,2.069853372002911,4.582799794580314,65.85408782958984,78.01848,False,91
C,5,3,1.9951682848496015,4.673585395492285,2.2099108080188965,2.2650885372338876,16.4551085632275,71.73625,True,91
D,4,1,2.1142352116139693,2.1272329886197454,4.659590062262145,2.182694763098812,39.45048178852113,54.142685,True,91
A,2,1,4.779327871413032,2.0754962725770847,2.1544829028154147,2.0947583275094126,64.67228698730469,81.39359,False,92
B,3,2,2.0658443356771072,2.225478629563102,2.0698979932486634,4.582844415826067,58.50543975830078,80.1487,False,92
C,2,2,1.9952129060953538,4.673763880475295,2.209955429264649,2.26513315847964,55.42435836791992,62.247253,False,92
D,2,4,2.114279832859722,2.127277609865498,4.659634683507898,2.182873248081821,62.65006637573242,88.371445,False,92
A,3,1,4.779497432146891,2.0755386627605494,2.1545252929988794,2.0948007176928773,60.97581100463867,77.99709,False,93
B,4,2,2.065886725860572,2.225648190296961,2.069940383432128,4.582886806009531,44.66823916711717,77.882675,True,93
C,2,3,1.9952552962788186,4.673806270658759,2.210124989998508,2.265175548663105,62.58253860473633,82.758095,False,93
D,1,4,2.1143222230431866,2.1273200000489627,4.659677073691363,2.18304280881568,66.62133026123047,90.206245,False,93
A,1,1,4.779658514844057,2.075578933434841,2.154565563673171,2.094840988367169,67.73213958740234,83.99645,False,94
B,2,1,2.066047808557738,2.2256884609712526,2.06998065410642,4.582927076683823,56.2300910949707,57.360752,False,94
C,3,3,1.99529556695311,4.6738465413330506,2.210286072695674,2.2652158193373966,58.19171905517578,80.3808,False,94
D,5,4,2.1143624937174783,2.1273602707232544,4.659717344365654,2.183203891512846,20.107081129299793,70.98233,True,94
A,2,2,4.779696771984634,2.075731961997149,2.154603820813748,2.094879245507746,59.82864761352539,62.60695,False,95
B,2,2,2.0660860656983147,2.2258414895335603,2.0700189112469967,4.5829653338244,61.841251373291016,79.60584,False,95
C,2,3,1.9953338240936869,4.673884798473628,2.2104391012579816,2.2652540764779734,62.29794692993164,82.758095,False,95
D,3,2,2.114400750858055,2.127513299285562,4.659755601506231,2.183242148653423,51.56038284301758,56.54077,False,95
A,1,2,4.779733116268182,2.075877339131341,2.154640165097296,2.094915589791294,64.50154876708984,61.704597,False,96
B,2,2,2.0661224099818627,2.2259868666677525,2.0700552555305447,4.583001678107948,61.71043014526367,79.60584,False,96
C,1,4,1.995370168377235,4.673921142757176,2.2104754455415296,2.2653994536121655,69.57612609863281,73.56107,False,96
D,4,4,2.114437095141603,2.12754964356911,4.659791945789779,2.183387525787615,43.11189213597431,77.82217,True,96
A,5,1,4.779871224545665,2.0759118662007117,2.1546746921666666,2.0949501168606646,52.89582061767578,74.588745,False,97
B,1,4,2.0661569370512334,2.226021393737123,2.0700897825999154,4.583139786385431,64.78570556640625,72.56792,False,97
C,1,3,1.9954046954466056,4.6739556698265465,2.2106135538190124,2.2654339806815362,65.92120361328125,83.197464,False,97
D,2,4,2.114471622210974,2.127584170638481,4.65982647285915,2.1835256340650977,61.89986038208008,88.371445,False,97
A,5,4,4.779904025261567,2.0759446669166137,2.1547074928825687,2.0950813197242732,21.403480798314156,46.185944,True,98
B,5,2,2.0661897377671354,2.226152596600732,2.0701225833158174,4.583172587101333,14.071525422743397,71.291306,True,98
C,1,2,1.9954374961625077,4.674086872690155,2.2106463545349144,2.2654667813974383,57.33255386352539,65.91968,False,98
D,4,4,2.114504422926876,2.127616971354383,4.659859273575052,2.1836568369287064,42.94819731030421,77.82217,True,98
A,1,3,4.7799351859416745,2.0759758275967206,2.1548321356029967,2.09511248040438,58.606197357177734,64.03259,False,99
B,4,2,2.0662208984472423,2.22627723932116,2.0701537439959243,4.5832037477814405,44.14334535009923,77.882675,True,99
C,3,3,1.9954686568426148,4.674118033370262,2.2107709972553424,2.265497942077545,57.59056854248047,80.3808,False,99
D,3,3,2.114535583606983,2.1276481320344898,4.659983916295481,2.1836879976088133,52.69077682495117,55.479668,False,99
